-- =============================================================
-- Datos de prueba mínimos para demostración comercial/académica
-- Usuarios: 1 director, 1 coordinador, 1 docente, 1 institución y 3 estudiantes.
-- Contraseña de todos los usuarios: 123456
-- =============================================================
SET DEFINE OFF;

INSERT INTO ROL (ID_ROL, NOMBRE, DESCRIPCION, ESTADO) VALUES (1, 'DIRECTOR', 'Director del programa', 'ACTIVO');
INSERT INTO ROL (ID_ROL, NOMBRE, DESCRIPCION, ESTADO) VALUES (2, 'COORDINADOR', 'Coordinador de práctica', 'ACTIVO');
INSERT INTO ROL (ID_ROL, NOMBRE, DESCRIPCION, ESTADO) VALUES (3, 'DOCENTE', 'Docente asesor', 'ACTIVO');
INSERT INTO ROL (ID_ROL, NOMBRE, DESCRIPCION, ESTADO) VALUES (4, 'ESTUDIANTE', 'Estudiante en práctica', 'ACTIVO');
INSERT INTO ROL (ID_ROL, NOMBRE, DESCRIPCION, ESTADO) VALUES (5, 'INSTITUCION', 'Institución receptora', 'ACTIVO');

INSERT INTO USUARIO (ID_USUARIO, ID_ROL, NOMBRE, APELLIDO, DOCUMENTO, EMAIL, CORREO, CONTRASENA, PASSWORD, TIPO_USUARIO, ROL, TELEFONO, ESTADO)
VALUES (1, 1, 'Laura', 'Directora', '10000001', 'admin@proyectojd.com', 'admin@proyectojd.com', '123456', '123456', 'DIRECTOR', 'DIRECTOR', '3000000001', 'ACTIVO');
INSERT INTO USUARIO (ID_USUARIO, ID_ROL, NOMBRE, APELLIDO, DOCUMENTO, EMAIL, CORREO, CONTRASENA, PASSWORD, TIPO_USUARIO, ROL, TELEFONO, ESTADO)
VALUES (2, 2, 'Carlos', 'Coordinador', '10000002', 'carlos@proyectojd.com', 'carlos@proyectojd.com', '123456', '123456', 'COORDINADOR', 'COORDINADOR', '3000000002', 'ACTIVO');
INSERT INTO USUARIO (ID_USUARIO, ID_ROL, NOMBRE, APELLIDO, DOCUMENTO, EMAIL, CORREO, CONTRASENA, PASSWORD, TIPO_USUARIO, ROL, TELEFONO, ESTADO)
VALUES (3, 3, 'Maria', 'Garcia', '10000003', 'maria@proyectojd.com', 'maria@proyectojd.com', '123456', '123456', 'DOCENTE', 'DOCENTE', '3000000003', 'ACTIVO');
INSERT INTO USUARIO (ID_USUARIO, ID_ROL, NOMBRE, APELLIDO, DOCUMENTO, EMAIL, CORREO, CONTRASENA, PASSWORD, TIPO_USUARIO, ROL, TELEFONO, ESTADO)
VALUES (4, 4, 'Juan', 'Perez', '10000004', 'juan@proyectojd.com', 'juan@proyectojd.com', '123456', '123456', 'ESTUDIANTE', 'ESTUDIANTE', '3000000004', 'ACTIVO');
INSERT INTO USUARIO (ID_USUARIO, ID_ROL, NOMBRE, APELLIDO, DOCUMENTO, EMAIL, CORREO, CONTRASENA, PASSWORD, TIPO_USUARIO, ROL, TELEFONO, ESTADO)
VALUES (5, 4, 'Ana', 'Martinez', '10000005', 'ana@proyectojd.com', 'ana@proyectojd.com', '123456', '123456', 'ESTUDIANTE', 'ESTUDIANTE', '3000000005', 'ACTIVO');
INSERT INTO USUARIO (ID_USUARIO, ID_ROL, NOMBRE, APELLIDO, DOCUMENTO, EMAIL, CORREO, CONTRASENA, PASSWORD, TIPO_USUARIO, ROL, TELEFONO, ESTADO)
VALUES (6, 4, 'Pedro', 'Lopez', '10000006', 'pedro@proyectojd.com', 'pedro@proyectojd.com', '123456', '123456', 'ESTUDIANTE', 'ESTUDIANTE', '3000000006', 'ACTIVO');
INSERT INTO USUARIO (ID_USUARIO, ID_ROL, NOMBRE, APELLIDO, DOCUMENTO, EMAIL, CORREO, CONTRASENA, PASSWORD, TIPO_USUARIO, ROL, TELEFONO, ESTADO)
VALUES (7, 5, 'Empresa', 'Demo', '900000001', 'empresa@proyectojd.com', 'empresa@proyectojd.com', '123456', '123456', 'INSTITUCION', 'INSTITUCION', '6070000000', 'ACTIVO');

INSERT INTO PROGRAMA (ID_PROGRAMA, ID_GLO_PROGRAMA, NOMBRE, CODIGO, PROYECTO, RESOLUCION_MIN, DESCRIPCION, FACULTAD, DURACION_SEMESTRES, ESTADO)
VALUES (1, 'ING-SIS', 'Ingeniería de Sistemas', 'IS-2026', 'Proyecto Integrador', 'MEN-2026', 'Programa base para gestión de prácticas académicas.', 'Facultad de Ingenierías', 8, 'ACTIVO');
INSERT INTO CURSO (ID_CURSO, ID_PROGRAMA, NOMBRE, CODIGO, SEMESTRE, CREDITOS, DESCRIPCION, ESTADO)
VALUES (1, 1, 'Práctica Profesional', 'PRAC-401', 'Cuarto', 3, 'Curso articulador de etapa productiva.', 'ACTIVO');
INSERT INTO INSTITUCION (ID_INSTITUCION, NOMBRE, NIT, DIRECCION, CIUDAD, MUNICIPIO, TELEFONO, EMAIL, REPRESENTANTE, CONTACTO_NOMBRE, SITIO_WEB, ESTADO)
VALUES (1, 'Tech Corp Institución Receptora', '900123456-7', 'Calle 10 # 20-30', 'Bucaramanga', 'Bucaramanga', '6071234567', 'contacto@techcorp.edu.co', 'Rector Demo', 'Supervisor Demo', 'https://techcorp.example', 'ACTIVO');
INSERT INTO CONVENIO_INSTITUCION (ID_CONVENIO_INSTITUCION, ID_INSTITUCION, NUMERO_CONVENIO, FECHA_INICIO, FECHA_FIN, OBJETO, ESTADO)
VALUES (1, 1, 'CONV-2026-001', DATE '2026-01-15', DATE '2026-12-15', 'Convenio marco para prácticas académicas.', 'VIGENTE');
INSERT INTO SUPERVISOR_INSTITUCION (ID_SUPERVISOR_INSTITUCION, ID_INSTITUCION, NOMBRE, CARGO, CORREO, TELEFONO, ESTADO)
VALUES (1, 1, 'Sofia Supervisora', 'Coordinadora de talento', 'sofia@techcorp.edu.co', '6077654321', 'ACTIVO');

INSERT INTO PRACTICA (ID_PRACTICA, ID_PROGRAMA, ID_CURSO, NOMBRE, TITULO, DESCRIPCION, OBJETIVOS, NUMERO_PRACTICA, HORAS_REGLAMENTARIAS, HORAS_REQUERIDAS, TIPO_MODALIDAD, TIPO_PRACTICA, PERIODO_ACADEMICO, FECHA_INICIO, FECHA_FIN, ESTADO)
VALUES (1, 1, 1, 'Desarrollo Web Frontend', 'Desarrollo Web Frontend', 'Práctica de desarrollo de interfaces.', 'Aplicar conocimientos en contexto real.', 1, 160, 160, 'Presencial', 'Profesional', '2026-I', DATE '2026-02-01', DATE '2026-05-30', 'ACTIVO');
INSERT INTO PRACTICA (ID_PRACTICA, ID_PROGRAMA, ID_CURSO, NOMBRE, TITULO, DESCRIPCION, OBJETIVOS, NUMERO_PRACTICA, HORAS_REGLAMENTARIAS, HORAS_REQUERIDAS, TIPO_MODALIDAD, TIPO_PRACTICA, PERIODO_ACADEMICO, FECHA_INICIO, FECHA_FIN, ESTADO)
VALUES (2, 1, 1, 'Análisis de Datos', 'Análisis de Datos', 'Práctica orientada a indicadores académicos.', 'Analizar datos de seguimiento.', 2, 120, 120, 'Híbrida', 'Pasantía', '2026-I', DATE '2026-02-15', DATE '2026-05-30', 'ACTIVO');
INSERT INTO GRUPO (ID_GRUPO, ID_CURSO, ID_PRACTICA, ID_DOCENTE, ID_INSTITUCION, NOMBRE, NOMBRE_GRUPO, PERIODO_ACADEMICO, SEMESTRE, ANIO, FECHA_INICIO, FECHA_FIN, CUPO_MAXIMO, ESTADO)
VALUES (1, 1, 1, 3, 1, 'Grupo A-2026', 'Grupo A-2026', '2026-I', 'Cuarto', 2026, DATE '2026-02-01', DATE '2026-05-30', 25, 'ACTIVO');
INSERT INTO ASIGNACION_DOCENTE (ID_ASIGNACION_DOCENTE, ID_USUARIO, ID_DOCENTE, ID_GRUPO, ID_PRACTICA, FECHA_ASIGNACION, ROL_EN_PRACTICA, ESTADO)
VALUES (1, 3, 3, 1, 1, SYSDATE, 'Docente asesor', 'ACTIVO');
INSERT INTO MATRICULA_PRACTICA (ID_MATRICULA_PRACTICA, ID_ESTUDIANTE, ID_USUARIO, ID_PRACTICA, ID_GRUPO, ID_INSTITUCION, FECHA_MATRICULA, ESTADO, ETAPA_ACADEMICA, HORAS_COMPLETAS)
VALUES (1, 4, 4, 1, 1, 1, SYSDATE, 'ACTIVO', 'ELECTIVA', 0);
INSERT INTO MATRICULA_PRACTICA (ID_MATRICULA_PRACTICA, ID_ESTUDIANTE, ID_USUARIO, ID_PRACTICA, ID_GRUPO, ID_INSTITUCION, FECHA_MATRICULA, ESTADO, ETAPA_ACADEMICA, HORAS_COMPLETAS)
VALUES (2, 5, 5, 1, 1, 1, SYSDATE, 'ACTIVO', 'ELECTIVA', 0);
INSERT INTO MATRICULA_PRACTICA (ID_MATRICULA_PRACTICA, ID_ESTUDIANTE, ID_USUARIO, ID_PRACTICA, ID_GRUPO, ID_INSTITUCION, FECHA_MATRICULA, ESTADO, ETAPA_ACADEMICA, HORAS_COMPLETAS)
VALUES (3, 6, 6, 2, 1, 1, SYSDATE, 'ACTIVO', 'ELECTIVA', 0);

INSERT INTO RUBRICA (ID_RUBRICA, ID_PRACTICA, ID_DOCENTE, NOMBRE, DESCRIPCION, PONDERACION, PUNTAJE_TOTAL, ESTADO)
VALUES (1, 1, 3, 'Rúbrica práctica profesional', 'Evalúa desempeño técnico, comunicación y cumplimiento.', '100%', 5, 'ACTIVO');
INSERT INTO CRITERIO_RUBRICA (ID_CRITERIO, ID_RUBRICA, NOMBRE, DESCRIPCION, PONDERACION, PUNTAJE_MAXIMO, PESO_PORCENTAJE, ORDEN, ESTADO)
VALUES (1, 1, 'Cumplimiento', 'Cumple actividades y entregables.', '40%', 5, 40, 1, 'ACTIVO');
INSERT INTO NIVEL_DESEMPENO (ID_NIVEL, ID_CRITERIO, NOMBRE, VALOR_MINIMO, VALOR_MAXIMO, PUNTAJE_MINIMO, PUNTAJE_MAXIMO, DESCRIPCION, ESTADO)
VALUES (1, 1, 'Excelente', 4.5, 5, 4.5, 5, 'Supera lo esperado.', 'ACTIVO');
INSERT INTO EVALUACION (ID_EVALUACION, ID_MATRICULA_PRACTICA, ID_PRACTICA, ID_RUBRICA, ID_EVALUADOR, NOTA_EVALUACION, PUNTAJE_OBTENIDO, OBSERVACIONES, ESTADO)
VALUES (1, 1, 1, 1, 3, 4.5, 4.5, 'Buen desempeño y participación.', 'REGISTRADA');
INSERT INTO PREGUNTA (ID_PREGUNTA, ID_EVALUACION, ID_PRACTICA, ENUNCIADO, TEXTO_PREGUNTA, TIPO_PREGUNTA, PUNTAJE_MAXIMO, ORDEN, COMPARTIDA, ESTADO)
VALUES (1, 1, 1, 'Describa su principal aprendizaje.', 'Describa su principal aprendizaje.', 'ABIERTA', 5, 1, 1, 'ACTIVO');
INSERT INTO RESPUESTA (ID_RESPUESTA, ID_PREGUNTA, ID_USUARIO, ID_ESTUDIANTE, CONTENIDO_RESPUESTA, RESPUESTA, RETROALIMENTACION, ESTADO)
VALUES (1, 1, 4, 4, 'Aprendí a trabajar con usuarios reales.', 'Aprendí a trabajar con usuarios reales.', 'Buena reflexión.', 'ENVIADA');

INSERT INTO REGISTRO_ACTIVIDAD (ID_REGISTRO, ID_MATRICULA_PRACTICA, ID_USUARIO, ID_INSTITUCION, FECHA_ACTIVIDAD, DESCRIPCION, HORAS, TIPO_ACTIVIDAD, EVIDENCIA, ESTADO, OBSERVACIONES)
VALUES (1, 1, 4, 1, DATE '2026-03-01', 'Levantamiento de requisitos con institución.', 40, 'REUNION', 'evidencia_1.pdf', 'APROBADO', 'Validado por docente.');
INSERT INTO REGISTRO_ACTIVIDAD (ID_REGISTRO, ID_MATRICULA_PRACTICA, ID_USUARIO, ID_INSTITUCION, FECHA_ACTIVIDAD, DESCRIPCION, HORAS, TIPO_ACTIVIDAD, EVIDENCIA, ESTADO, OBSERVACIONES)
VALUES (2, 1, 4, 1, DATE '2026-03-20', 'Desarrollo de módulo de seguimiento.', 70, 'DESARROLLO', 'evidencia_2.pdf', 'APROBADO', 'Validado por institución.');
INSERT INTO HORAS_PRACTICA (ID_HORAS_PRACTICA, ID_MATRICULA_PRACTICA, HORAS_REPORTADAS, HORAS_APROBADAS, CONFIRMADO_POR_INSTITUCION, ID_SUPERVISOR_INSTITUCION, OBSERVACION, ESTADO)
VALUES (1, 1, 110, 110, 1, 1, 'Horas confirmadas parcialmente.', 'CONFIRMADO');
INSERT INTO DOCUMENTO_ESTUDIANTE (ID_DOCUMENTO_ESTUDIANTE, ID_MATRICULA_PRACTICA, ID_USUARIO_SUBE, TIPO_DOCUMENTO, NOMBRE_ARCHIVO, RUTA_ARCHIVO, HASH_ARCHIVO, ESTADO)
VALUES (1, 1, 4, 'EVIDENCIA', 'evidencia_1.pdf', 'data/documentos/1/evidencia_1.pdf', 'HASH-DEMO', 'APROBADO');
INSERT INTO HISTORIAL_REVISION (ID_HISTORIAL_REVISION, ID_MATRICULA_PRACTICA, ID_USUARIO_REVISA, TIPO_REVISION, ESTADO_ANTERIOR, ESTADO_NUEVO, OBSERVACION)
VALUES (1, 1, 2, 'REVISION_HORAS', 'PENDIENTE', 'CONFIRMADO', 'Horas validadas por institución.');
INSERT INTO CERTIFICADO_PRACTICA (ID_CERTIFICADO_PRACTICA, ID_MATRICULA_PRACTICA, ID_USUARIO_EMITE, HASH_VERIFICACION, FIRMA_DIGITAL_SIMULADA, ESTADO)
VALUES (1, 1, 1, 'CERT-DEMO-001', 'Firma digital simulada - Dirección del Programa', 'EMITIDO');

INSERT INTO CONFIGURACION_GLOBAL (ID_CONFIGURACION_GLOBAL, CLAVE, VALOR, DESCRIPCION, ESTADO)
VALUES (1, 'HORAS_MINIMAS_PRODUCTIVA', '120', 'Horas mínimas sugeridas para pasar a productiva.', 'ACTIVO');
INSERT INTO SERVICIOS (ID_SERVICIO, NOMBRE, DESCRIPCION, URL_SERVICIO, ACTIVO, ESTADO)
VALUES (1, 'Verificación de certificado', 'Servicio interno para validar hash de certificados.', 'https://cliente.example/verificar', 1, 'ACTIVO');
INSERT INTO REPORTE (ID_REPORTE, ID_USUARIO_GENERA, TITULO, NOMBRE, DESCRIPCION, COMENTARIOS, TIPO_REPORTE, HASH_VERIFICACION, ESTADO)
VALUES (1, 1, 'Reporte general de prácticas', 'Reporte general de prácticas', 'Consolidado de prácticas activas.', 'Generado con datos de prueba.', 'GENERAL', 'HASH-REPORTE-DEMO', 'GENERADO');
INSERT INTO NOTIFICACION (ID_NOTIFICACION, ID_USUARIO_DESTINO, TITULO, MENSAJE, TIPO, ESTADO)
VALUES (1, 4, 'Práctica matriculada', 'Usted fue matriculado en Desarrollo Web Frontend.', 'MATRICULA', 'ACTIVA');
INSERT INTO MENSAJE_INTERNO (ID_MENSAJE_INTERNO, ID_USUARIO_ORIGEN, ID_USUARIO_DESTINO, ASUNTO, MENSAJE, ESTADO)
VALUES (1, 3, 4, 'Bienvenida', 'Recuerde cargar evidencias semanalmente.', 'ENVIADO');
INSERT INTO RESPUESTA_RAPIDA_DOCENTE (ID_RESPUESTA_RAPIDA, ID_DOCENTE, TITULO, TEXTO, ESTADO)
VALUES (1, 3, 'Retroalimentación positiva', 'Buen avance. Continúe documentando evidencias.', 'ACTIVO');
INSERT INTO FORMULARIO_CONTRATO (ID_FORMULARIO_CONTRATO, ID_MATRICULA_PRACTICA, NUMERO_CONTRATO, RUTA_DOCUMENTO, ESTADO)
VALUES (1, 1, 'FC-2026-001', 'data/contratos/fc-2026-001.pdf', 'GENERADO');
INSERT INTO OFERTA_PRACTICA (ID_OFERTA_PRACTICA, ID_INSTITUCION, ID_PRACTICA, TITULO, DESCRIPCION, CUPO, FECHA_CIERRE, ESTADO)
VALUES (1, 1, 1, 'Oferta frontend junior', 'Apoyo en desarrollo de plataforma académica.', 3, DATE '2026-03-15', 'PUBLICADA');
INSERT INTO COMPATIBILIDAD_INSTITUCION (ID_COMPATIBILIDAD, ID_INSTITUCION, ID_PRACTICA, NIVEL_COMPATIBILIDAD, JUSTIFICACION, ESTADO)
VALUES (1, 1, 1, 95, 'La institución cuenta con proyectos alineados a los resultados de aprendizaje.', 'ACTIVO');
INSERT INTO ACTIVIDAD_ESTUDIANTE (ID_ACTIVIDAD_ESTUDIANTE, ID_MATRICULA_PRACTICA, TITULO, DESCRIPCION, HORAS_REPORTADAS, ESTADO)
VALUES (1, 1, 'Registro inicial', 'Planeación de actividades de práctica.', 8, 'REGISTRADA');
INSERT INTO LOG_ACTIVIDAD (ID_LOG, ID_USUARIO, TABLA_AFECTADA, TABLA, ID_REGISTRO, TIPO_OPERACION, ACCION, VALOR_ANTERIOR, VALOR_NUEVO, MODULO)
VALUES (1, 1, 'SISTEMA', 'SISTEMA', '1', 'SEED', 'SEED', NULL, 'Datos de prueba instalados', 'SQL');
INSERT INTO LOGIN_AUDITORIA (ID_LOGIN_AUDITORIA, ID_USUARIO, CORREO, EXITO, IP_EQUIPO, MENSAJE)
VALUES (1, 1, 'admin@proyectojd.com', 1, '127.0.0.1', 'Registro de prueba de auditoría de login');

COMMIT;
PROMPT Datos de prueba insertados correctamente.
